-- MySQL dump 10.13  Distrib 8.0.36, for Win64 (x86_64)
--
-- Host: localhost    Database: mobilestores
-- ------------------------------------------------------
-- Server version	8.3.0

/*!40101 SET @OLD_CHARACTER_SET_CLIENT=@@CHARACTER_SET_CLIENT */;
/*!40101 SET @OLD_CHARACTER_SET_RESULTS=@@CHARACTER_SET_RESULTS */;
/*!40101 SET @OLD_COLLATION_CONNECTION=@@COLLATION_CONNECTION */;
/*!50503 SET NAMES utf8 */;
/*!40103 SET @OLD_TIME_ZONE=@@TIME_ZONE */;
/*!40103 SET TIME_ZONE='+00:00' */;
/*!40014 SET @OLD_UNIQUE_CHECKS=@@UNIQUE_CHECKS, UNIQUE_CHECKS=0 */;
/*!40014 SET @OLD_FOREIGN_KEY_CHECKS=@@FOREIGN_KEY_CHECKS, FOREIGN_KEY_CHECKS=0 */;
/*!40101 SET @OLD_SQL_MODE=@@SQL_MODE, SQL_MODE='NO_AUTO_VALUE_ON_ZERO' */;
/*!40111 SET @OLD_SQL_NOTES=@@SQL_NOTES, SQL_NOTES=0 */;

--
-- Table structure for table `categories`
--

DROP TABLE IF EXISTS `categories`;
/*!40101 SET @saved_cs_client     = @@character_set_client */;
/*!50503 SET character_set_client = utf8mb4 */;
CREATE TABLE `categories` (
  `id` int NOT NULL AUTO_INCREMENT,
  `name` varchar(255) NOT NULL,
  PRIMARY KEY (`id`)
) ENGINE=InnoDB AUTO_INCREMENT=4 DEFAULT CHARSET=utf8mb4 COLLATE=utf8mb4_0900_ai_ci;
/*!40101 SET character_set_client = @saved_cs_client */;

--
-- Dumping data for table `categories`
--

LOCK TABLES `categories` WRITE;
/*!40000 ALTER TABLE `categories` DISABLE KEYS */;
INSERT INTO `categories` VALUES (1,'Smartphones'),(2,'Tablets'),(3,'Accessories');
/*!40000 ALTER TABLE `categories` ENABLE KEYS */;
UNLOCK TABLES;

--
-- Table structure for table `manufacturers`
--

DROP TABLE IF EXISTS `manufacturers`;
/*!40101 SET @saved_cs_client     = @@character_set_client */;
/*!50503 SET character_set_client = utf8mb4 */;
CREATE TABLE `manufacturers` (
  `id` int NOT NULL AUTO_INCREMENT,
  `name` varchar(255) NOT NULL,
  PRIMARY KEY (`id`)
) ENGINE=InnoDB AUTO_INCREMENT=4 DEFAULT CHARSET=utf8mb4 COLLATE=utf8mb4_0900_ai_ci;
/*!40101 SET character_set_client = @saved_cs_client */;

--
-- Dumping data for table `manufacturers`
--

LOCK TABLES `manufacturers` WRITE;
/*!40000 ALTER TABLE `manufacturers` DISABLE KEYS */;
INSERT INTO `manufacturers` VALUES (1,'Apple'),(2,'Samsung'),(3,'Huawei');
/*!40000 ALTER TABLE `manufacturers` ENABLE KEYS */;
UNLOCK TABLES;

--
-- Table structure for table `order_details`
--

DROP TABLE IF EXISTS `order_details`;
/*!40101 SET @saved_cs_client     = @@character_set_client */;
/*!50503 SET character_set_client = utf8mb4 */;
CREATE TABLE `order_details` (
  `id` bigint NOT NULL AUTO_INCREMENT,
  `price` int DEFAULT NULL,
  `quantity` int DEFAULT NULL,
  `order_id` int DEFAULT NULL,
  `product_id` int DEFAULT NULL,
  PRIMARY KEY (`id`),
  KEY `FKjyu2qbqt8gnvno9oe9j2s2ldk` (`order_id`),
  KEY `FK4q98utpd73imf4yhttm3w0eax` (`product_id`),
  CONSTRAINT `FK4q98utpd73imf4yhttm3w0eax` FOREIGN KEY (`product_id`) REFERENCES `products` (`id`),
  CONSTRAINT `FKjyu2qbqt8gnvno9oe9j2s2ldk` FOREIGN KEY (`order_id`) REFERENCES `orders` (`id`)
) ENGINE=InnoDB AUTO_INCREMENT=20 DEFAULT CHARSET=utf8mb4 COLLATE=utf8mb4_0900_ai_ci;
/*!40101 SET character_set_client = @saved_cs_client */;

--
-- Dumping data for table `order_details`
--

LOCK TABLES `order_details` WRITE;
/*!40000 ALTER TABLE `order_details` DISABLE KEYS */;
INSERT INTO `order_details` VALUES (1,999,2,1,1),(2,649,1,2,4),(3,200,2,3,1),(4,2500,1,3,2),(5,750,1,4,4),(6,999,1,4,1),(7,999,1,5,1),(8,990,3,6,1),(9,990,2,7,1),(10,1089,3,7,3),(11,788,3,8,2),(12,1089,1,8,3),(13,990,1,8,1),(14,990,2,9,1),(15,1089,1,9,3),(16,788,1,9,2),(17,990,3,10,1),(18,1089,1,10,3),(19,788,1,10,2);
/*!40000 ALTER TABLE `order_details` ENABLE KEYS */;
UNLOCK TABLES;

--
-- Table structure for table `orders`
--

DROP TABLE IF EXISTS `orders`;
/*!40101 SET @saved_cs_client     = @@character_set_client */;
/*!50503 SET character_set_client = utf8mb4 */;
CREATE TABLE `orders` (
  `id` int NOT NULL AUTO_INCREMENT,
  `order_date` datetime(6) NOT NULL,
  `total` bigint DEFAULT NULL,
  PRIMARY KEY (`id`)
) ENGINE=InnoDB AUTO_INCREMENT=11 DEFAULT CHARSET=utf8mb4 COLLATE=utf8mb4_0900_ai_ci;
/*!40101 SET character_set_client = @saved_cs_client */;

--
-- Dumping data for table `orders`
--

LOCK TABLES `orders` WRITE;
/*!40000 ALTER TABLE `orders` DISABLE KEYS */;
INSERT INTO `orders` VALUES (1,'2024-06-10 14:30:00.000000',1998),(2,'2024-06-11 10:15:00.000000',649),(3,'2024-06-12 14:23:45.033114',2900),(4,'2024-06-12 14:29:08.791921',1749),(5,'2024-06-12 15:12:51.701757',999),(6,'2024-06-12 17:55:54.868740',2970),(7,'2024-06-12 17:56:21.358447',7227),(8,'2024-06-12 19:49:17.099152',4443),(9,'2024-06-12 19:55:19.271155',3857),(10,'2024-06-12 19:59:56.598968',4847);
/*!40000 ALTER TABLE `orders` ENABLE KEYS */;
UNLOCK TABLES;

--
-- Table structure for table `product_images`
--

DROP TABLE IF EXISTS `product_images`;
/*!40101 SET @saved_cs_client     = @@character_set_client */;
/*!50503 SET character_set_client = utf8mb4 */;
CREATE TABLE `product_images` (
  `id` int NOT NULL AUTO_INCREMENT,
  `image_data` longblob,
  `image_name` varchar(255) DEFAULT NULL,
  `image_type` varchar(255) DEFAULT NULL,
  `product_id` int NOT NULL,
  PRIMARY KEY (`id`),
  KEY `FKqnq71xsohugpqwf3c9gxmsuy` (`product_id`),
  CONSTRAINT `FKqnq71xsohugpqwf3c9gxmsuy` FOREIGN KEY (`product_id`) REFERENCES `products` (`id`)
) ENGINE=InnoDB AUTO_INCREMENT=5 DEFAULT CHARSET=utf8mb4 COLLATE=utf8mb4_0900_ai_ci;
/*!40101 SET character_set_client = @saved_cs_client */;

--
-- Dumping data for table `product_images`
--

LOCK TABLES `product_images` WRITE;
/*!40000 ALTER TABLE `product_images` DISABLE KEYS */;
INSERT INTO `product_images` VALUES (1,_binary '\\\0JFIF\0\0\0\0\0\0\\0\0	\r\r\r\r( \Z%!1!%)+..038?,7+-0+\n\n\n\r\Z-+----+-+---+--+--+-+----++-------+---+-------+---+\0\0\\0\\0\\0\0\0\0\0\0\0\0\0\0\0\0\0\\0O\0\r\0\0\0\0\0!1AQaqr\"#245s\$3BRTct\\\Sb\DC\\\0\Z\0\0\0\0\0\0\0\0\0\0\0\0\\02\0	\0\0\0\0\0\01!A\"Qq\2BRa\#3C\\0\0\0?\0\ \0\0\0\0\0\0\0\0\0\0\0\0\0\0\0\0\0\0\0\0\0\0\0\0\0\0\0\0\0\\\gY+|9\n.\'\i\\N)m=pǄ\\YGV\WW\4\QI\\_+\0GSy{&\_+\0}~#:r\\]mzQ\7✡ۯd7\(w\{J:S\\U-\"ct\̢\gV_ZV?RujF2zi_I\0\\Gǯ\0&\r>Ǜ\\#xa\\NUjԯ\ZtӔ\_Rъ\Sċi2\7\W}R\0_\uO\\\[g\\7*\\WǊrI\\\~Yq\tܭy[9\2P\,\\ͭoMa\~ey_\J\=YW^\Ʀ>Ib:zǫw̭ڥ*V-.\\pZ\I1\vsRJQjQN2M5$,\\0\0\0\0\0\0\0\Z\\RV:JmƬhӒ\T\I\\"\\\z.*\\jǗSqR!ֿ~H\B\#\Iihɶׇ!IۓlqVi\VJ1\b\oЙ\v^ghJ֏_Sӂq]֤1\dDĭzxZm\tvlkż\d.7\F]yi\\GI\38(\-p;txb\\6]QǃRZ\\\L1\\Љk\ZJx\Մ\\rI5\E\\{\\NPt\ե1jRix\f\#x\O27(~\\~_||՝V(\\\\\0\\CfVuc{\y{hb>˗\\\nO\Jɓ䪬*<1\.\0\\Y\cf\\\Vw\ĢY\0!e%*n\R\RZKjd\SY\\]dNnv\i\X\y\Hz4D% \0\0\0\0\0\0\rvaW\\ȭV\8qPr8EZ\aa\M,V\Zμyb\/M\\JT\ܦ\s\V\yҔjSJmJ2[\\\quNi\֜\ly-w(>\<v\"T]\5\_\R\\=_\\\蒉\a\KCK\8\\Y-\j\"[T3=/Qa-˛\rrFҾ\rE\x\(A\Z2ڽ\rpǽ&Z䯊2B{yO\\u:,\[St\u	\~\ZG-))\0\0\0\0\0\0\0h5}*Em¶\\TS\)҆+\UXS\\\nS:ĝ\;\M:r\[u,9S^\ɹv\Z\Z\\Ud\\qh\\\10x\\ro\~\YRRw%]KT~_wFORcq--Shs\*D-\\"a\tJ.T\\\EE\\r\\#u\u\Q!Ș11\5<UN\\\v\m\{}5[wvRR\0\0\0\0\0\0\0\ajMhV\9M	cN-/*m\"\\Ah㤱\\r0\~WteCN%Ԗ3ђ;\\8;{\x]e֖\R\_߬O	umaN/n\i#IYnB}:N\}\u\\\.\'[CZ%q-\#ԉxrdJqdB\\t*\VsZQ&ceX&̬0=\\\\3\?\|MOS\8\\\-˩\>\9m\\IH\0\0\0\0\0\0G݇sG\+n/mt\\\\:\\\\>Wjm`\\h\nNR\\I\0RwLK\Nŵ\'\+؄\6NoJK\\\"-^\\R\\==\ݧ\\\'i9DKC\^%\xGHHB82 W).\%Fab\ex`m\\ړ5\Ǎ\n\t\\vϡ\xEs\n\kC\\r#Owd% \0\0\0\0\0\0\rv/y\hV\87=\0=@\K}!u\E:N\h{\7wOh7o0Kn\\\8s\\\%ǒkG\%\dV\f6rJFaiL#TB<ٔ\j\欻EUJAY\S\7\~r!)\0\0\0\0\0\0\0h\,iJW4V:\\nX\V\+nH7@\.\<\\2\k\Z^\\FcN\qR烒K[\\\\6h\;O\Ö)={B׭kOc\=MݳD0\8chFk.LW\#hyyUr\Y\\Uב\ir!Ց\i^RF6ՆaitҬu\\qѪq:ÿM\\k{ⴜ\4\\\M\\^\\\\Ĥ\0\0\0\0\0\0ηl\:?I\\VoH\\0\\^C[]})!{7\\Ѱ6U*[|\<:ڟ\|\\\ۏ\IX4\)izq.\|MghFk.\\V\#xyy\Kv\Y\fTב\yrBY֖ՄY3\\_\r̻)VvYXkCw\r\0\\S\\\\0\0\0\0\0\0\0\[w܊][p㈫7\.\8mҏ!X.\[\>\\\J\3#<V\rnռ)\zݳ\7\\\٧\<\\\\\Qx5iMkMpԉv\#\Faz/\^^~Fw\\\\q\XVj\浝4\-˪F}|\YM\ֽ[\S\/\CH\0\0\0\0\0\0nֽ\G\>Ċ][p\h7z@\wq\G\P\ōj1^x\>Q*-\M\/\\r\F`g˶j\M\7*[oy\GgfS\ۇV\ymì\X4\)izUYzyjNz̲K\u?yG^\䲘\,r\\C&)H\l\\\"Vx\^.A\\\0\\\wv\\0\0\0\0\0\0\0h۱x3\hEm¶\\\3z\0@,\'nVv\\O\\Zic\j\\mij\8֯\Z\Bo\aY${E\\~N$B\Kx\K\cj\jn\W}M]O\nxsm峦^c֚\55\{t\mE7G\5pG.{l-EwɲS\ɑՃ\n<gL{1ݬC\̅{j>\n5>ذ:_So{]x\>\^\\J@\0\0\0\0\0\0\Z6\~>\[pp\ހ\6<¶K\\\T\V)\\N1Oɥ)-/T\3\K\\\\r3!.\q\gn!KH\R+\0\"\Y(1J2d\r̬t6\U\Zm&\GIO\:ixٗ9oTj\-˵x\ͳ\P\͛;*󯐾\z\	4F8[ԗƧSТ\0U\\M\\u\(\Z\-{!)\0\0\0\0\0\0\0h۱3\hEm¶\Ê3\0\0U\*I\:2\\O\&\'iLN\߲\|iO/Q\\߮9\\\\)~![|/\(͆T\\\\\'a91ٚ\7\Z\sj|1ѱ]fo\p1\5\CKy\\YUk}\t޾)E\8\-\Qi\r43<*2\d!r\\`]]$\-\G*G.\\\\^2rۻ\0\0\0\0\0\0<援V\+n80\0lrƄh\u\:8ᣥ8yI\vLL\s\K\9v/\&h37z\\6}\\ִreα5\hy\\'[O9)\Ϭ\WwVqJ+A`\R*%\\{\p\5S~\0w\>G\\C-\I\Qn2M8i\/M2*\I\k\ofRgڧ\\\b9Dr\M\u\(\Z\-!)\0\0\0\0\0\0\0h۱3\hEm¶\Ê3\0\0\0=\y\?\/])FY\mlP\'f6\\r+W&L4h\8\u\"e\{/r~7<OVۓj<<\\\Z虄\"\좕\V5i_eN\5Ѥ\x<\\=\>}\irG)4\ښiŧ𞼻&WXfy>\>d,Lr\M\u\(\ZG-!)\0\0\0\0\0\0\0h۱3\hEm¶\ÑF`\0\0\0.\<\\Uyv\\0jF睢j%p\\\[ݚ\r\"ֲes\V+g5\mhq\\C\\W^+/m\V\S>s5\\ug\ƭ5W)oT\\\٥\x<\\=<Y7\.Q6\im4\N-<\Zky\]2a0\]M\u\(\ZG-{!)\0\0\0\0\0\0\0h۱3\hEm¶\\J3z\0\0\0:>nA\#j0\\Յ\F*dK\9\)\Z!.,\қD\\,g6F2\eZJ\֩\\+\\\\N\\\WI\Y\ƥ=I]$ʜc\kKyo\\w\\\\\r\j3RM4\\iƞ\Cxun\}U\-{!)\0\0\0\0\0\0\0h۲x3\hEm¶\\J3\0\0\0<]\y\~@\\L֜ß[\\\zCĴs)\fRL2L\̥:{ZZ\\\UmmP\\WU%iB\.\wN2\]nV\F4\Nu\70mM%\\\kI\R\v\f\~#_wd% \0\0\0\0\0\0\rvO\hV\8r(\\0\0@wKXJ {\?ڙisW\O(\\ONYC9g,\\"K)H\JI]\\\g&HL,\Y!Vt*wM%aF\~\%\di÷\r\\:{\\\P\\#\\	H\0\0\0\0\0\0Eݗ~sG\+nQ\0\0\0<\\\\\P3߮9\2m\&_\t\<n?MO)F\)eg,\"Tx2\Ri+u	ׄ\,(L\4\n%\VjևE%8\'\\\\0\nC+\ny\\\{\\\P\黽\\\J@\0\0\0\0\0\0\Z.\>\[pp\Q\0\0\0<{W*\n9\2m\&0,w\\\rz?[n;\?,\nK,H\JMYTR9\39o\r!>C,(\9o\rj˳\\n?\"\ë\\So{\s\}\\E\\IH\0\0\0\0\0\0Dݛ\T=\[p\\\0\0\[W*\k\JDۈM,견\ru\߃\\u`\e\\\v\g\K$HY`RUx3)Wdl\\\])\h\\/	\jׅ\Y\>q)R?_l7\\\GSo]\(\\ݘ\0\0\0\0\0\04]\|\4<\[pp\\0\0\'vB}fR&\Bo\cUf&Jv\u2a7E\0ُ/u9\>*}߇F\\"RUeٍr9\\U)Z\S9>r\Oq\-\gX\\\r\0\6\֯o\Ow黻1)\0\0\0\0\0\0\0j{\JJ\9)KtۄO\0F@\0\0\0%UeQRe5Ž)}\ҡFh	`o\r\`J&7]dܴ\Sy9Nf\g:c͋|K\lKȖX\\+-	ٍ$\f*{BϬ\ngq	P9,$[~pcdӫEo6\:~*96u&a\,1\k\zuR\0\0\0\0\0\0\0\Zz{\Zg\U\ԕlm&\<ZUmz\p-f9\)5h76\i<+RJ\\)TD*å\\\\y}n\nq?CF\5eZ\e\	\1(qs\rIӪi\Jczj\\mc\V6K/6WÝ\\v_>_T\SG\\,rP~$\'ɯWo\\\\h\\n\\\&*r\Y_\?5\|K9ɨJ\%?\p~i|k:\0MG\U\&+=\O\Y\WjR\+4O\?}\&j9Օjv4i9=j\^EzGa\0~\\\\)\*\F\j8Zt\yZIm\iZ\FՍ֑\m\0cgN(Q\nTS\FY\0\0\0\0\0\0\0\0\0\0\0\0\0\0\0\0\0\0\0\0\0\0\0\0\0\0\0\0\0\0\0\0\0\0\0\0\0\0\0\0\0\0\0\0\0\0\0\0\0\0\0\0\0\0?\','download.jpg','image/jpeg',1),(2,_binary '\\\0JFIF\0\0\0\0\0\0\\0\0	( \Z%!1\"%)+...383,7(-.+\n\n\n\r+.++--++-++----+--------------------8-+----+-+--+-+\0\0\0\\"\0\\0\0\0\0\0\0\0\0\0\0\0\0\0\0\0\\0P\0\n\n\n\0\0\0\0!1AQa34qs\"#Tt\2BRSr\\\5b\\$cdD\\0\0\0\0\0\0\0\0\0\0\0\0\0\\0\0\0\0\0\0\0\0\01!2Q\"A\\0\0\0?\0VkEϮ\Pv\X\&!f\%\$s9\\09@|6!\bA$\BO\rUz\u\\/\).\\\07c$_\./ƨ\\AI\!\\GX٨,3\+\y\\^)7bƘ\\э\'5&!:\>A\L\_!x\{Ro-\|c=Ɍ\\\i\߮%g?\n\\\^4 >A\U߄\5+\0|k=\qd\f\0C\{h\\~\\\Z\[SJ\nss:<l6^\x=16\Xѝ;8d*TjBi}\3pVp\\\:ͼp\pKy]p\0B7\\S\:\\4\\/\c\^\\\\^#8_h][:\ɝL5\\0w3\Eu/~Ƌ\jקT/!,\,![e:sh\r	\x\\\\\p\"\e\n Z5\\IfFJ~YfY.\0\\s\Z	hʥyL5\Mż`~\?b\\\Loצ$<\w;1\\\&N1Bn[c[eĞĆx*M$渃lH?O0(99NnCɈ\\\e\^*G/ه5rsl|B\Y#-\'lmo\Z`y^C{\Cy\s>u\z\\g 4Ӝt-?6!3(\\0Th\r\#\B\\ZpԹ|.\\\T\BV#Ǝ\\]F\ص5\nk0G\b8\i:_!YS\\ ;\2\K@p\hZؗ(\$ÚZ\C0\TS+(\\\rWK\og\\"#)0<VZ\{{>\0\\ZGƷ\\,,/\\0K\r\0\/z\=\G\./r \6,D?#I\9|\\cg\G)[ͬr\E\\ǅ\)zNg!s|,\Qd^.\rh\\y\<\rm4)PUXOVQSI RE$I\˹\w\\\"#\Y\R\\jٓr\\EGx]T\0\{\jpP\\I´\aVB\>V#J_g*Я1B\G\\0@#\"kd\/k?++\\"`䶡\IRz.9܅9P8\p?VZ\q\\\Hz\\&.\\\@W7W2PNH\\\>=\rݛ\\(c\P)/ӟ5k\"hCWC/Er\ev²\"ApWYyj:\\5ا8\Qm\zh1ïJr\\+0#\oӄh\9\i9hz\K\\T)I\"f=\KA\\\!tm@1nr]z\TcŤG8\0\0r)T7|zf\\\\z\O_;\\aOH4M3\n\Sw*\r\\I!9&%\r\sa\/\\G\0\\Z\ZS\\y\0\\q⸸\0Xњ\N+X\n>!0\\Z*\uOmg\]\\\w^DP3)\\\\PvǷ7\(\c\\x+V\rݛ\\S90\r\|n/ӟ9`]\Z\ER\z+zWRtE\ܵspQ6F\"Jh\ԟ$Y\jV\.w:\Z\rB\ȶPxd[.vc^ݥ&\.kQ̱6nV5,XcL$K\\O>هs\TC?\03zهs\TG?\03zAF\+\5\XQ\izF0\0ZV$3iQ\\^m\r!P2\!\\urN\rC%H&(\\~[\\-h5:KB\t\0Rj2\A\^\G\"\3:\\j\es\0.\Z3X\w^%\\\np\5\VʡJrTP1*%@a\\1Cqw({\\Yݥ\\#F\\n\\8\0\w3K\ZNuy{>\\k28*F*\/\"\ի?~z]SkUv\֬B\\X3}:l@\9\$d{#B\\\Eî\\!Y!s\Y%\r\"nx-`p%hL[g\\f\KQ!mXbEsf\KQ\-\)n\"FՊ\\1YvuŠw\\Pɖg\ȫ\\\T&9\\Z*\q2\!P%Q%\"TJ%@\*$oo蕫N\N\tY8\'wo\ou/\b\\k8\0N\y1ڰ\\EG[H\W\Ezp\\\\+\(\ZXH99^3\Z\7+ڵ\nWm\~gu\V`\;=JɆN))D\F:&\\\\1\<CcaA\M\]_|\*\\i\Oc\1H\"\IYp4\\޸\\4C\Zx!\\"3px<9\Z\\\\tK\ok:/{\\w\\*:\\\/\B\ځva\\\\0o\#Rek\'ʱ]M;\wkliɭ\r*%X%DJ(\\\T\\\@Q%\"T	@Q)(\	\\\z%Xu3ŉ\e_\\@6\'>ܼ\\\"\\rT{\3M55$\5\eg\*#\<	\c5vI\\ʇe#\($\UY\tӛ?Wl@,6<|\m|nA\Ԇ$L\\")x\y-[Gd̱\\-f\\]\Z\F\:q\5+JQ~	ހ$M(A\#ʌ04\\0o[\\䇎\n*^iquy\>[Us..\%\Gt\tC0\r]z$9\r$\Z.\\\ 4pR\\}\к&!B}\&!2C\dD\8bTILJP9*)&%\z%b\2+r\r\z%bEW<\0\\0I#=l\MSnqx_*\-5L\NK|\8F~qZuZj9}ȃ\cY-C`\\_ˡZ\!\o\1$\\\zt6%v\	\`,yV\r[*\Bee٨\\a\부@k\2&\")_\Mt䡷rY>\ҳ-^neQҎit&+A^\bhKf-\KA\\\!tm@1\r]Q\-\)n\"F՚\\q}Nк&!}Nк& Ug̔\P%\"T	@LĠrT	H\Aoox^Q\c\=2\C\0!V\,\\"4^N̫=ߠy:fgƖ\cܳfpU\[\qK\=$?G%>BEqf\`\PE԰63\\\\0C\\T_\r8B.4=o[R\\\v本\i޻d\iGP[\]#hC%۪\Y/ixsn\hB\ƳegNqZ\rkYs+\ܨD\\\Z sC\Ak[O\"N\\\%\qb\\!tm@1\r]Q\-\)n\"F\\Zy&?o\:D\\ZQ?\\6D\JJ\J\J%@P%LMT\n\.\3\0!U/\i\M\\oW0g蕏[\\Hzzn\n\0Y\/\K\:4y\H1Hd\8Ϩ\\\\ص0怆Cu+cu\t\XD\׮9\\\D1_m4i\\BH\C\E>E\]ŶX;\O۩_C>ūBQʨ:	i\\"ʩ\i]95y\\R{wS\Z\\]cJ|YCl\\.u*M\,_[\5\0\^>\ݙ7).\jٓr￸oyKq6WWc\atLAnF{ o\6D\\D\\W\"\Q)ʉ@\1)ʉ@\\,q\P\:\[\Vo\0\:\'^\U|-\ZFBeͲ-GbE~i:\鷀1\\nji\rkg?mN5л6vV\ҹ	\ZL<<\\_5s3EW\º\{f4Xlp\hܜ\)Q\y\ilV\\\\өhb\0\v65\4箥k_\\\%x\m+r\rW\\\Hmqq5$4lWRηͬW\'4i]aŲyTc\~J\b\]}1k[0\P	\2$\LHه`8ls59\7^^\\\\;ٗr￹kyKq6=).j\w \}\ #Mw\\b	qV\".P*EA\\"T\J5$\Ao\x^C\G\Έg\92\\\0Y\tJM~4sD)1\^epӛdA4\\\\ZVf^!\\\֒Gb\1ٮ&\\s!\n\r9[COV~[x2\rSNN[kgR\\#B9?4L&\JM!>ABǛ5k~A\s\Bst\\S=\nbE,\:\sI\]x\\\ޥeęs.$\tW޻k)&5\5I6*B-3#=0I\.:\\FwjX\\'?.w`djZ;\'|\Ws\E}$L).jٟr￹1gyKq6V<d-;\\蘂J6\}\& Q*E2R\`mO\5p!5v0[\\ҧΥ;r]EY2\\~mm\W\\0٠kMD\Agox^Cqf\|\or%:\\\|\\iפA\lM.V!]	\/L\=\\Mm\r9\@\jEX\ro\r]\&	\nX\\e\ri\lKEW٩J\0\%;E\\O\m͈4\㯄(9\\"6{Vً\r\\\\\K\\\rkQ\\\^\rjb\rl\xk2nʶ\KGʻB\=Xf܁\"vo\hOv\\\\'2^ \-ˎI\'S\[Agd\}j]f\u㏉$dn\f}\K\\"<ŝ\-\B\ڀhܤt1\,\)n\"F\+O \}\& k\at,A d\rD\\A\Z%D\Qh4\ vr%dJ\\\\(cJt\\'L<\\\ne=\#F\\r\\Np9]݃HW\\=d\ZKżг\2@I6T\˦\߷,y̕5{\U\0\\\\4\j\0~ח=\"\uiZ,AL\:z\Ey1\"82K\@\	&\\Yn%u}۱(\H(A\ZlE\6\12\\\[_?^l\Qڎ>3\I\dI\ѹIw\\b#\Y\R\D.f\KE\\\x=T\7\\b^\r|)1CL5s6,1@@\+͚b\'TjP:IRI6PM\MR8\'wg	\\n\o+Ƥ\"Wlٷ`\\:$M2\0\r\r(\Pz\(+NK	Imou\A-=[[­5\"ȟW*\͚Y\\lZ\Z\tf\UpLFR6\pW9z\9p-\\Z\U\0\e +5\F`=-|6\q9\mÄ/Cؿ-*)Zs\0\\\Q%\Z\dI\Z2t@\$\5\#\cz>ō\-\z6\Z\c\\YH\sl4A13\,aKAo\nX\Z|\*\=%47Bƽs\\*\nؖLq\"\\կh\\\\䤒?P;\'\b_P;\'\bI&E\"}%GI|a|a$Eb}%Eb}$\"v \1>\8\;?m~\q\"\Dg\n[:I ʁ/FC#N\]\D\s\h\\~${I\\~$~\gi\Hٌ\0M7\[R\1\K}$m\\~%Ķ\fi\bI [f3},߉6ٌ\0K7\G$,gY=\\r\9ĉ8Zl\"өŔ\I$\\Z\N\hs-d A^EA}>H?\','download (1).jpg','image/jpeg',2),(3,_binary '\\\0JFIF\0\0\0\0\0\0\\0\0	( \Z&!1!%)+... 383-7(-.+\n\n\n\r\Z-% %--------------//---+----+-.-.--+-/+-+-------------\0\0\0\\0\\0\0\0\0\0\0\0\0\0\0\0\0\0\0\0\\0L\0\r\n\0\0\0\0!1AQa\"q24BRr\#3Tbs\\5CS$\c\t\\0\Z\0\0\0\0\0\0\0\0\0\0\0\0\\0<\0\0\0\0\0!1AQa\"q\2\BRbr#3\\\0\0\0?\0\(\0 \0\0@\0 \0\0@\0 \0\0@\0 \0\0@\0 \0\0@\0 \0\0@\0 \0\0@\0 \0\0@\0 \0\0@\0 \0\0@\0 \0\0@\0 \0\0@\0 \0\0@]Ӝ2ٝŒ^\05OPS`B\oѤ\0?\"X7;5٥\l,\\Zo%{0Y!\_x\	MD]U\+@F}\\\P\v \O\?\/̀;{\>h\ \O\?\/̀\o{-{\zyQg\T\\\;GEogk!\\h=1~e6\O\?\/̠,C_\07]|\E^\\\@g薎2\0\\c%/̀\ݝ캬s/̀\>\\J\I\AӢNشKUͥ\.ʭ:䀟@\4v\\'Q8\PL\Y\l~Q\':.@սX\"\Ck\\(p \nI80d\\e)>G<H(/1:qV\v\m\ru\0\r%\9 \y8Ţ\\HW88\$\Y+\:P[ٵ\t/x\Zy\0D(\mLP[\\'f\cp44וPʎN\\\"\\Z@A$km\k\nZ/\\ONI\'n\\Kr\\Ϳ\Z\o+2,\s._;\\\y߭g\\ O\dlܺm\;g\2\g\R\ &\\\\޵b\Mdb\M]\\\\\ii\\,\\`\Z\r֜sULq2\\\\o+nZ\d66\u\3\0]cK7\Ŕ\A\{1\\k\/=\\PS3\\\0UVӓI钻\\n?@\?\~M9g)gle*1\chD\\r\oOR\~a\84\xqo7H8\ncQ\Rl\,*O+Ztd(/PA\LJW\C2ƕẈ\\\\\\ϲi<4kc~\\\Z\wbBY\D\0<*4K\=`\ݑ8\\\\ߊ0T ory\\\0w=()ZtJ9}WHy\'\K-DChݭ:\ֆ\,tM~\-mQp\z9\<f\ZA\ZF\\\"\\:%(\ϫ\=;dзU(6PEw[_\b\8[\Z69\J\\mc{7.\b\\\M&\q\9\߫nV\IJ\\d\G\\\t\Ouku=\hp\\_i\\v_ˢ{7\QEGI۱47@\\.\0MVP\\\\bk*Q\\_>e\0wX\Q4b\Ϭ_%˙/iTVb\0K|;3=l\\iHV.\tyunZ\v 6\:ʲF	mO5x\IX3uw7\s,\ӏ\.\\7}\h(p.\B$)\0U\\\Z3ح8 2,\I>\\(#\Z\r\|y\\2<Cu\)sp~\\u\'2de\\VC+Lh!\sE\z\IbN!x\0\'\$\nxU:SW\'h)\ӱ\\5ȴi-\YqRvP&ȝFA\\(\\KҴ\V\\vN\Z\z\.މ\\f2%ti\de%\\h8;3FRhGZ)y\WG#Z\{\\Z]i\0\Wa\\lw\\w\p\\<\\r4PF\6P3s\!v96(S\\S[\8\7kټ\%\~T;(f\l\i|\nvZ(	q\Mp~z\s]EWKN˵-\\0+.BDM\'iټAtQ\Jn\׿\\yco\\+Ⳗ\n<\\)*W\'س~/g.ҋ\?yM̳\_*P\y\\\$\\\'\ՐQs%GZsb\\Xڗ9\r!u\0\\RfgY\@l-\Iy\(\\0\n7{7 9$r]\r֔f4\\S[1\FxQ\%\\\|}c\cNߥ\EX閛!\\\\Z\w\\O\2\\=\\K-\\a\\HK/܉[-\۬\\"vG+\7\.8\\B(\\:V\r|\nf]\D\+@}\`s\\\\y\D.HւI-k	u\Gj\"y+cNI=.[װoY$|ξ\h\g@@iv\\F+3l\W(miVd3?\?k\=7\\nN\"M%\"f\I\'	9\\0Q&DrV\\m!\ט\%>l\c\ܽX:(Ƨ\\!YMt\Gr\\\\[\\\HG\\v\+`\v7\z/!hU9\{! \\0@Dp\G^V \\y!\D\\L\^kڹ\\\\\BuP,[\:k\\\]G3ӎ-gFǣZ\\y19˄\\;Mt\0G`(w݉\'̲<\\\\nͧ\j(\0ظ\`7JSWJ\i/9_ҎD͛^YM͖n2\,\\:^QV\9f\/A\x3en7GXh\Vj\k\\%b*<n\\!M\'.@I\U\\[Yi\\4\\;\\\z\\cu6F1Eƍv8\J\iμ$#7\Q\c\Ni\Sd\.նy/] U\0ݺ\c=#\QJ\\\A\\x\nw7\\Mu+NZ\w#]֏\}\WG\yM\\T\x֛q,\04U2yVVM~ϑ1$/\"\{|\:z\.)Ы}ȋY\aw0\G\֧[\ \mwL꧹nў]_0{\LLM\2[Ew\?mj\J\0@~w\H r\\\y\!\D\\Y/6Uh<Ā\\\ҫ.[,:>0p{IK\w\\\QbatЖ\Q\\Rڍ>\5\w\R\\\lp\00m9ϸ/>_7NW|)\SLSw\;\\\n|v\rG\zU\\.\仑\4\7he*A\?>\\\r\(\4\=\Q\y;Fvoz\\\M#U.\'!\Y\Tswn\\\Z*:/~mP55\M?Өlq\v\'tM\\Mj\߽\#i9KIο\*\\\v6w9\Q4EdMh5\\7.u\\n\L\\QƑ\\\&\n\ݍ\_J\v\ZIø]F0\pʴ̫J$G\ԥ)S{\\[\\%ǉht4x߇%UN;>j\j\~\6{εu\\\d\~\/h\bP\0@CpüG\@䷕\?JK=KܞHPI\t6\\\`12$W>\\"fޫ\y`\K\\*r~{m^:\?sm񈫾\r5\Z\M(}f*\C\\>\Z.ׯu\15|\n\\\vW\\jp\\\b\b2YG{\ȫ}\\s~WFL\i\:^\p6Qӏ^ᝩ\\\\U\\rw\r89eQl\\Ĥ\\\µuo8\/&\iCV\'\֡+\\\.\\"ɝR\桧ӂ<.~\`9tB\Fՙ!n\e7\r\\ָ7ws\T(\1\p@\rKCZW\`MdxۭS\\%қ\H\-!\0R\Øi\W\5+:)UkO\!g\\H\=\1q\׼i30j\ɻu\~d$񖸴f\TZCyJh\Rr=}\7=f!.V \\y\0\IK=r\{\=!@,\\<ٚqu\\ʐ2SWݬ:T\U^OE\(\Hot\g(\W=zڕ:0\x		1Y\h\\\=\4~\:+ta\$beg\\	o~\D:\K\K\\\m[2թti\v\+-\\0\\|C\\쳷/Ҥ\`c\\\\\;\2i\g\w\p4o5;\r\Gr\\\\\O\K\\T҄C|S ˱c\\\ZQ7\7\[}\\a\6C\EBIh\0BfJh/;\Vn\Gndծ\p^has)\Xh5\-\n[\O\8\rt]r#\\\\\\r\\-k\\[Zqq\pV<ӆ̳I\\:\v\O\\N\r\wn#i#<K\\߻ߴHE946\0+\m\r\;mm\\0X\ܬy?\\Q\o̪\qV>nn\\=\E\\Ze \0\x\\Y\K5/ \\ȓٹ@9\\;H\#4sӼ!hM\JKTvm\0 Q\Z21\ݻ	\W<=\U\}\n:\*kjov\O\Kv\o6\Z\\\\{i\X\b%W:j\5-ԜǇ(ȟ\\3h\\\\¿VzQ诫\y\r\Ki\W-ҋC\h~A\T`\8\NJk{\\\f\ˏ%\r\x\q\e%<Y5TTmlZ\٭\.\qR\\V\\;JW\\\\\w9klW%\ZW[ץQZ>6Yim\~E7{n.3\@Ԥ~ɡ\-eu\\\N\\YSA\bRL	\ki\\oMO\:f<\:ۃޗ򓽻\0hŔ7U\"`\O\ϓ\GzX}%o\\ߎW3.#\\Z6Qm\\#\\ZD\8\<\6*Ls\7Т}:\\C]z+Х&9\tqM\ܽF\7QQZ\>cN1>\D\?mjOe \0\xO\]\K5.@b\\I\ܠIܞa\\n\0\\'\\_hdA\p\5.\FvYwZ=WwMl\el\\ƙhx\	\8PS\\:\\8ey~!)cu\ Ln_\\ua\q\\h\s\gj#\?Jӛ\Ԇ\\\Z,\ފ\\דO\Jjkh\\\U\ft^q\\\x\a9w3FŲ)C7ȥ|\$s\0\i\!eu\\sco3q	l\\'\tͩRkF\Գ!zOu\>\'Kٛ,E\\0k!vl\ZQEoe\@m\T\cNN]W5:\\U\cd\1\ߟ$YK{\\6q\Z\0\0uToӖ\0\'[N\u|Q\\RkF=~?{[\\Z\)7We\߾\b\V+(<x\"wZ\jL>lթFˋ$9\M7nG\#:\ޣ\~\	 \/^|n4]׍ޥE$ަ?ᶰ\i}/\\UO|C\{F\"{)\0 ;\$z\D*\\Ar\r\'?\"Of$\Rw\'zB\Z2kZr{$H+\~-\rEs8\7\rJ\/\\}\\\rKE2\+.c~6SH\{^~\"\OVo%\\\\N<ViI]~\ᨑW㱑\7.\WZ}EV\/y.\\B[kֆ\Ʒs\0\tU\+[4٪T\J+.[H}\C\yZžF\{\7\0S\c~}\]p\B\<;\jr\\\\?\\_.2\%\\[<徔〮6`(7\r@(\\JKn}}|vnQ$\6+E\u\\z+%U\K/7Ծ\ՇDX\~\Ɍs\)\js*Nnq.\ro\5$\\G30\\\\ȃ\#\\O[\U\T\QHp?\k}4M\aQWݧ噮`(?@\uT\=\^Ѫ\Ϟ\@ÿ\#\j q\b\r\Z\@!1\{79\\\H\JΠ\!H_#\\\Ȃ1CI2\Tz?S0\\\I4f>49Ϋ\z2Y燋I\ǡOV\\\\\2Җfd0K(M\Z\ƍK:SU\\\\zXT*\tY\\uf`i,hK\Ed^:H~:[h+B=G\c嵋\0\\O\\`\\!.9N`e@	\*.\liASbn\o˩p&fn\T\ w4`y\\̩*ԡxX\\Rt^\>+\h:\0\\e\H\vۧnri}\\\Z?ZN\CO[\W\'\-g7Zf5fW|7\\'nK\O+Id6<w\j=\O\xEo\\\Ǝ\or\7j>|\~Ev!\|o@];a\@\KTCd\[2kgP ?\<\\K4.@b?rOd$I\HUdBrdڠ\ꅮj\\9XՓdH\\Ў)ꈅi\[]Yt[\\E\ƼMk\Ѳ4a\*\nv&\\d/)aІ\^E5:8\;FxZI\y\zsc\VYk8\S%z1U\\\R\Ѯ\\;/d\\bU\\S\Qv\\e\?\0\VwK\kz,\/C\\~Q{[tra\\ZGXp\\d\Ӫ\⬠z0\\0*\09Suv\E\\0֎?\\03څ\-\9>o\J\0u\P(b\r	@j\\MǕdOP\n\\n	 7hBA\S\\ˡs(ZTIo\w\r0\ǡ<׈\i͘ONѣ\Œ\㕢\˸\󃎪|jy\+X\<י\lA\rO\J\m\r=9Ǌ֢7!\c84\*l[YKw\{Ѽ%t_{\\=W5c/:VVHZh\X\g8\2b[\3)=\ؓ\Q_>}kًMAs\V\)#1~\\)[ܸ\z\\nBBɻ\u\0\\)BF;\T4V\M	N;\cO[O\>IU\~\i6h\\YSg\n5{45\\E\\Z4{-\0 {\G=v%XBP\Z\<\'zQ\HPH\ 2\\@TgPDu)(^DG>7\\rr\\K\0\\>\uRy=ALk{6\./#2Vvhg\Jx?ԅ],6\ǎ<?V5\\\-l\O\\JT_zJ\0(-#EMZQ\\\\K\{+yrW\'b \\Y5\u\w\1\9%\riCrp\\5+޸s^\\rl\j:\0\wWc)kO# X환?֏P\R)\)x\E]Ṣ+Ǐ_#i+;y\A\y\I^\\U\N\V\\?}c\'\o\]Ԯeyx:\nE$\m\r\K@WD\?mj\=\m\Pb\r	@b\rZy_vOd\0\\0Xtc\.CvMT\\IE\&ީ\OQ7ɒxQW]\L8\7=\.\\\m!b0>M\ƣ\3ȫE\e?\\\ޫ\A<&aA6\^\\I\/z	\5\3CN#\ml.Ubu^ɢol\snu_9dኧ5\\nu(\0t\\{wx2\ϊLix<&]\׀\\'R\Rxd͒YmfIdb\\5\{\h.Jݦyx\N\Y\'\O\\R\nRY\'\|z\+4rGrlb&\:|Mҫ$\\ׯZnJ{T]\\o\֭OIcpZ@\\>\	\z4$Ӡ\Tj\\V{_ȣiK*#\FqcӹzTqQSɞv\'\i:(\f\|o\\Z$\H\\Rq=\m\QA(U/\\잀;\H\0(y<\RG+tMXHӕO4$尹\1\8.QG<,Ӧ\\rWa!t8\\ի\㔞nώ\\K\J7JfZ<f	\\"w\6c(rYN\=Y\n\b1\j\|\\n\?\I\ՠT\/\_\'\0ttQ\\n==\Cw\\Rfrk߽\r\\\HP\\\8G,\\\v\A\F\\>\r{=YJ\)\~\y\0{H1tn~\'#z@\FӍ<\\#\\Ǣ\֒|KEHݒWF8ȏtgh&	AcEI8\~O\\\C*\?z{oL\11N\+&EyQڄ)\y#\\\G[\\[#oٍj\0\\\Uͺe*ڼ]\\wI\V\'\\\\Lا;$\H\5\\2\1Q>\\n+<F\G\F\+T|4l\g\K\\ߴo\l\[/4cVS}|W=wr+[z\\'ahPو\0 +?\|\\\U5%1\&Od$;\\"cn\U\I>xd\gDjuS\\jN\]\7_rؔ>8\Z>}:.+\0\0S+hvqq\WS\\K:I)\\n|\|O\"\4\sՉʣ[=-UO\0̿oG|{]В\{kp	\Zos!\T*ofY|m\0rYj\fk*\Z\%f\\/]--\\H\\y^GƩ\\e\\\ \\\G/2\ \x\I\'*K\h\n-O	=\>ȍ\崆\\\\	˘G3وv\fS\\w\O4\l\?<\n\FG\/3ua:s\\\\\ʬ6\\ϬA)V4Π\F\E\E5\\5\Ci\\.Y\\G@1=\>\Z\\'\\Zn\7Z[+)y?QN[Sv\\pgK{F\Z˩}E8\E&|\.)\sK]\D1\vG7|\M\0~ѪJ\@[\\\]>A(\L\\	)ǹ\\0\L\n&w\;G\\\z\7\f\_)1[\'~\0Q8ꎶSGnTl\K-58z1G(O&:ԺPb[x\9R\4\\K:\Ũû;v]i(\'kG\n\r\[EHߐi\z*\\\\\k\*>\g#x9Z\\j\k\\d\Ҥ󚴉n\r[xC$.J\t\l]?JQ\5\%}/7;\ON\־{\B\3>.\0\Is\x\ٌT\\\y8\:a\.̟}=\w\+kw$b\Ll\.-\\YZ]M>I`g*\T\F_W\'ǴSޱk~+\O\yO\%\mu\;\\a\\Vo{\|\*LDd\" -YR5sU\Hh\Rp=\e\Py%XZ\n3\&OdC\\R\S@\\6Wkt\Z(q{\5G+FN{z.n2ޓ;BVAb\\\\sէ\)\T\;;m)\\_^O\[\\(^1݃\0zվl_\\#Jk:w^+\\\G{i]S\]\\0[\\t#jʼr\F\Q\Q3\ZV/ZV\\D\\-\>\\i<\}ގ\\ܯiW2髀\\ڽ\n*WVZd`\5&\R]|;~\4܌1q\\rXnXX\NOV:\\\nD|։K\I̜օ\Y#ϝJw\DtriȲh\V3\@Z\\\]:A\n3\&OfPe\U/\rAsZUnuQf៼\\ǼF\\\n\\YB<|\kv\\\0KÏ\$0g\jZl9G\0<\Ԛ`{\F9G+(%i\ujCi\y%\V@e\bQS$\ܽH\\sK\`8\}K\-%oѴ\;~{\\KN,\wF\(ZM{\_/\I[+i\d\\+fo\z\\M\a\Q\Q~E?\\jb:=)~E>\\3B¦\$\rR\\Zf	Sr$4O|\\F\j\0@\n\d\v z\@y̕bU\0UdOP\nr\(/\rLufڄ\.&ob\nF\\H\rn\',1<\3ԡe\K\߸tl\.r\peW/_\\iR\ʤΏ\d\\$`K8MpL\\e.8#rw\\.\_7\J\S[u\[n\&\cci\ru/: 9RV`n\0{0֫\v{|w\'w$4U[\\\W\g͆lQ\>2Jx\䎀.jU^~\,OG\v]K?nⷡ-?$\p8\F	}\5i\t\{*\_\係Nգ\3p`\\&3\n\)6\\T\\!\2q\;yv\kMZ1\[X?\\' d\\ \\+[\FE\c\ٴ-Q\\*\>\\;je\ݿ\j5f`U7g\ywN\B(\\\Z\\"G\؏2%I-\	lr\\P\\'ahP\{5\0 cgW=v<\J**\\~Py2{\'\\e\=\\S-fs4s\\q8i\U\{\Xv3\@U墷_\gK\\\l\\v\i0`0\tH\ky\&\Nˤ5\\\1A(G\0>\bF\Q\ZD)\<\re\\\zu3Kr\\rԿOp\JKY=#ۧb&e\t\\\*\3͑\\)fWc%\\\0\ow$:\\\\\\\p\V\/gcAV.\û\\roˣ\u|\t\oo{\"򋺂\r\Ԏ;\m f=\\/O\\P\w*Қ\AZ.EAn-9yix\T\Cj9{\\f\ˎW붫].d:7\\bh\c<T\\r\\\RRY}\0{\a\t>[\wܝ\&Ciketo\-\hX\i(\;8	҆-mã?\\DiV\'JCq縵D;(\0F\Jw\\/\^0΢o\\~k\\ݫ\:h~\'6hOrr\MGv{\O=d\	mÆ\\ȁ/8ZL\ng2Ms\\}FJ/F;\]\G\\Z\=\0@V#\\Xnb\\\i@yV \PP\nY2B\Zx\\t+qD\ܨ:Sһ1p\7&\;]CW=\WnSzBLvi\\a\{\)\d\09tQYWwi\v%Կ\<7\y\<\VY$z4!\4\Z^ŅAx1<tg\UN\\9W\P^o\\M䆋6b\2w0D\v[\3냥ǒ\\\\º\\z\\\r\gUTVmF\7W\\\\\\Vk=\y\L\ P\gӊ}q<%Gd\6՚V*^8&[ZsV	c4 \1u\\\g^hJ56ݲ\\\\Z>\!8ͯ]On\1Qˏ0\+H\զ\mYQ%Պ\\\4\\a\؋\ZEbG\"\ʅ\C)\5\Z\0\H\q\\\sӆ:Y~\q^v\7\\[t06L3.\\r$h!A\\\\ds\Z\T\\\\G\ɞ&\c\n{\i tŌE,\\'r\8q\;aA\]\R\'{l\o\\o\Gfz6\\0wϿ]\1\حq\h{\&H1ܻE|V\r5ў\\~{T\\'\\\[\fe\˶&\g<\\UٯG\\/}F\\1yWeIH;u<i=@\\UG-S]\ZN.M_\\luo\Hp~\\mx\\:x\\}\g=W8\\"9\*\Cjd~-\'DNpk\Av\X\\\\\Zk\g!\0Ȅk53\0\@j\\kU\Hj?\!!h\Wf%\0&\u%KhEr#!\0G\\\\sMf/\b\0\9\1\\k3\=\G@c;?\Z?\0\?\Ə\;O鯣\o\\h(;?\Z?;?\Z?=4\\\\Pj\r7v~4;Pi\:o\\h(&ðo3G\(\˱O2U\vcjY\"\=өQ\\\0@\0 \0\0@\0 \0\0@\0 \0\0@\','download (2).jpg','image/jpeg',3),(4,_binary '\\\0JFIF\0\0\0\0\0\0\\0\0	( \Z%!1\"%)+...383-7(-.+\n\n\n\r\Z-+--+-++---+-++----+--+-++++-----8+--+++----+-++--7\0\0\\0\\"\0\\0\0\0\0\0\0\0\0\0\0\0\0\0\0\\0P\0	\n\0\0\0\0!12AQq\"RTar\35t#4s\\\Bb\\U$%Cc\\0\0\0\0\0\0\0\0\0\0\0\0\0\0\\0#\0\0\0\0\0\0\0\0\01!\"AQ2R#\\0\0\0?\0\ \0\0\0\0\0\0\0\0\0\0\0\0\0\0\0\0\0\0\0\0\0\0\0\0\0\0\0\0\0\0\0\0h\\"cTMkB\\[t\"L\|yUUU8CS&\"BV;%jNvo҇Ϝ3~ޔ< X4=eo\҃\߷&\(QW&4ETטhz\\߷\oJ:$\9\VشUzUWx+zt\\K\,\܈\׿8f(6o҇\\\\\\[[:WCbm\\7\\zP\0\\!\G%gJG?\\=|ޔ{w\\CǾD\Ε\>6\.vt`9?(\\zP|(y/j%+XxJ}\+؊_\_ZPC\\\\\'J\r\\C˷;c\- \׀fY\\JHE.vv\\n\\\J\l=?h\\{;q\~\\Dz9\\\T][עM\lTTZ\\"\\ͺض\l}4a%\0\0\0\0\0\01q.*(Խ@yeD\Oa\n\&\ڻ6\TbZWUk\0bwſR\3n\@z7ө\E溜yP0Ħ4~,KL\\S\0\0R\\%ņW\rԨ3PhE0V綨Dt:\\&\uOٺD\AdJ*h\'\v\'&e-(\2unM_\?QZMvC5Q5V\i#ܦ\\\\)rU4\U\&\\\V\AU)\Z!NsY6Eǌ\L:\\w|*+\w\$\i0י\?5\fL\\0\0\0\0\0\0\Z\\^\new\PP5!\T\ؚG9C\0Dd>@)-M\;Qt7\@d/:\r\\0*g6ؽfy\\\rR\36\\;o\\"LB4:,,$\C8䥈f23\\\i;h\\^}7+Jb\"\WZ%u$[jR=Xd$[j96\:U\4gDۍ6-ڪ\Ū\"o/lr=d\"g\Gǌ\L1\X\\'\t\2a3\~m\4̙\0\0\0\0\0\0-\\;ER\Hi\ݯ%\K\\,\]\Y촲*)T	PYMõ5\A\\0*Cym(ʆb\"w\|帬\E\\鏴Тypm\\^c\\r\,X\,\LFlT\"GC1RJ-Kh6(\\\\je\\S	q\ZAI2c\{ۇQq9:L|\\nV\\j\OWSc\\i\\<^\(\;<x\>D\\\g%Ș\cUyOX\d\^g\\i3@\0\0\0\0\0\0S\RR\xI-y,ZK9Гv\K=B\PB\\KK3ivj\X1>\9(eb\3|Le\\FT\0M+b\\w\\ħ}6&g𒉙y\ MM\Z,E.\GL\\\rf\Z\˂\'r\"|YniL|FZS\\0\M/\\H5\okMKj,+m\߿9\6a\\&9։\mr011f\[T\庮.˖\;l桚1\\kҎ\ݢ\Ը\l2\%5YNc\r=\=prM\"U|&tyPh\`\\o\$\i3T\0\0\0\0\0\0)u)QL\\Ԡyubs`\ܖ{-&1,Nb,ݻ\e\)RZ\\C2j#z\19\nfi]\1VDχPNBT\\Vbc#**.2Mc:T[\r\\En\ZgKu衧(J|%\\\\h^5Z\\\4\Z\+ZW=EtDm轇D\\\ZV\Rj.z+M\^.\n\\)Zt;\jw6Q\	eiJuD\d<<\D\\F\\K5\6Hp\\\%\\0W;exӿIBS959\\r\'\\E\9\9r|&9tӱ\w\$\i0\?5\f\0\0\0\0\0\0\nb䮥*(25,B}#,\ZND5\\ɇ\4\nU\nYT,\\Q%\XM\\1yEWy(d& \`v>\\\\\ȵj-lC\\\\ZF\\'m\97]\/\"4\楬-\BmO\L|F\ZfV9\[C\7R\H[\\W\Me\89fiӉ\UK[	)[2穰\\\\X1k\ֶP\\l]rr]Tr-tk\dR+mf\_-xyfrM酽`X\ت\ܥ\"ڝpU\\*\"bs^4*[̦\r`*<zt\\kNSl\:O1\\\Ӎ3pNl+\_\\_\4̘[\t\%@\0\0\0\0\0+J\#d\\(&&F%|c0BBBuPP*y\JT#\&\uv\7\ܿ\CaTkUlsԉj|:H׍s[s\ҙroI|\\\J\\zy\NE\c\!U\Z̨\\Ҝh[(\\9\T|W6}Ijĥs筴\\y\Rn+>5ŪUL\WVͣU)\aWi:pV\AO\C\KUQ=d،\\Mh9dWmFTl\&cJ\\Z-$Ϗ\w4[]x=\\'\p \v\\s\ֶ\:\Zظ\Xl$EGY\\\\\˥L\c\Z#G%|\^\l\6k\%ɘ\vS3pJTW`\0Iyi0w\\/4L3h\0\0\0\0\0\0\n#d\+-\\v\\*ʥb\\Ǐ1!d,9\nꅧ iܮZ\p\_7 \@\4\fW.\ƸMWbfoOa\,\'#2X\}b\\{\r˾Z\z\	\	vT\&|\Tt%)P\\\\,(\B=\*\\\UĘ\/?g=R\зrlG_t\Q\cQUsW5ԓV\i{s\,$W)m(\Z\0\\6\~<9˛\8\y}ٮ\l$cR\\\\'w=Q*Љ\\0r\0\08\\*K1\\\C\Irf:\zEu\lK\xMIt\8f\0\0\0\0\0\01\Js\PzF؅\nmGrURR\YnBӐ\-9\0GMõ|PFMõ|P\r\b\oOaHd:\0a\\_\\\tdB^t\1\ߠrgZ\'U\KWj\\|ɠ\ZfmiO\\\\5\"AΩyڦJ,\\\\ˋZ:\"Q\+\'{)=׬{.>UQp\r۔\"4Ҍ\0\\r\6\'z8|Z\J%-\7=\Uv9*0^0V\0C\Irf:\\?(|.L\\\*~|#\\p\/d|\[\0\\0\0\0\0\0\0-\dR\n#\R,(U8!fհ!!\Zr\E\w|\\!y7\8aL}{\Z?ۧa\\E\<XxYX\'|d)(\\a#\aiVIcRS\f\\(4^jvM\e[XHe\\n\>\ 8\\*K1\\\C\Irf:\G_o&\ya0\\/5L3fh\0\0\0\0\0\0\n^ڢ*\0pɹgC{(\\Fr\j\\a1\\E_YN\r\7 ^trOA\)[ڒ\~\{\r\'V9GU\~\{HH>c^e\$4Q\G\\Z_\uR\rv_^h鏼\3\m\\2މ\s%ف\=:\mv_^h\^\\-\<\r\[\C\F\.̎\)ٝ\_\:;\z}ۛ%}>\mʗfp%dvkw\0o\WN\m\\a\%}/\69*\\\\0\į\?\\	xsG;Jz_*m\]O?\;;Jz_x!sGv\\E\0OO\ӯ\]\Z\m\\c׬W=\Uқ֢%3\\ۛ)x?s\zN\`Bv(lwKQm\n\zI`J\vT(01_Z\0\0\0\0\0\0\0\0\0\0\0\0\0\0\0\0\0\0\0\0\0\0\0\0\0\0\0\0\0\0\0\0\0\0\0\0\0\0\0\0\0\0\0\0\0\0\0\0\0\0\0\0\0\0\0\0\0\0\0\0\0\0\0\0\0\','download (3).jpg','image/jpeg',4);
/*!40000 ALTER TABLE `product_images` ENABLE KEYS */;
UNLOCK TABLES;

--
-- Table structure for table `products`
--

DROP TABLE IF EXISTS `products`;
/*!40101 SET @saved_cs_client     = @@character_set_client */;
/*!50503 SET character_set_client = utf8mb4 */;
CREATE TABLE `products` (
  `id` int NOT NULL AUTO_INCREMENT,
  `description` varchar(255) DEFAULT NULL,
  `product_condition` tinyint NOT NULL,
  `product_name` varchar(255) NOT NULL,
  `quantity` int NOT NULL,
  `unit_price` int NOT NULL,
  `category_id` int NOT NULL,
  `manufacturer_id` int NOT NULL,
  PRIMARY KEY (`id`),
  KEY `FKog2rp4qthbtt2lfyhfo32lsw9` (`category_id`),
  KEY `FKljnead8q1652k9q5p0fe0o1g2` (`manufacturer_id`),
  CONSTRAINT `FKljnead8q1652k9q5p0fe0o1g2` FOREIGN KEY (`manufacturer_id`) REFERENCES `manufacturers` (`id`),
  CONSTRAINT `FKog2rp4qthbtt2lfyhfo32lsw9` FOREIGN KEY (`category_id`) REFERENCES `categories` (`id`),
  CONSTRAINT `products_chk_1` CHECK ((`product_condition` between 0 and 2))
) ENGINE=InnoDB AUTO_INCREMENT=5 DEFAULT CHARSET=utf8mb4 COLLATE=utf8mb4_0900_ai_ci;
/*!40101 SET character_set_client = @saved_cs_client */;

--
-- Dumping data for table `products`
--

LOCK TABLES `products` WRITE;
/*!40000 ALTER TABLE `products` DISABLE KEYS */;
INSERT INTO `products` VALUES (1,'While the attraction from the set of 4 iPhone 12 versions has not cooled yet, Apple has brought users a new super product iPhone 13 series with many interesting improvements that will bring the most attractive experiences. for users.',0,'Iphone 13',30,990,1,2),(2,'The Galaxy S21 5G phone in the S21 series from Samsung stands out with its bezel-less design, impressive camera cluster and top powerful performance.',0,'Galaxy s21',20,788,2,2),(3,'High-end tablet with M1 chip',0,'Ipad Pro',25,1089,2,1),(4,'Advanced tablet with high performance',0,'Galaxy Tab S7',19,750,2,2);
/*!40000 ALTER TABLE `products` ENABLE KEYS */;
UNLOCK TABLES;

--
-- Table structure for table `users`
--

DROP TABLE IF EXISTS `users`;
/*!40101 SET @saved_cs_client     = @@character_set_client */;
/*!50503 SET character_set_client = utf8mb4 */;
CREATE TABLE `users` (
  `id` int NOT NULL AUTO_INCREMENT,
  `name` varchar(255) NOT NULL,
  `password` varchar(255) NOT NULL,
  `role` varchar(255) NOT NULL,
  `username` varchar(255) NOT NULL,
  PRIMARY KEY (`id`)
) ENGINE=InnoDB AUTO_INCREMENT=2 DEFAULT CHARSET=utf8mb4 COLLATE=utf8mb4_0900_ai_ci;
/*!40101 SET character_set_client = @saved_cs_client */;

--
-- Dumping data for table `users`
--

LOCK TABLES `users` WRITE;
/*!40000 ALTER TABLE `users` DISABLE KEYS */;
INSERT INTO `users` VALUES (1,'admin','$2a$10$kY8z.LrA3w.xUs0RrnXhFuVE1v/D9brk/2VNorqkVSbyVCebdEcIm','ADMIN','admin');
/*!40000 ALTER TABLE `users` ENABLE KEYS */;
UNLOCK TABLES;
/*!40103 SET TIME_ZONE=@OLD_TIME_ZONE */;

/*!40101 SET SQL_MODE=@OLD_SQL_MODE */;
/*!40014 SET FOREIGN_KEY_CHECKS=@OLD_FOREIGN_KEY_CHECKS */;
/*!40014 SET UNIQUE_CHECKS=@OLD_UNIQUE_CHECKS */;
/*!40101 SET CHARACTER_SET_CLIENT=@OLD_CHARACTER_SET_CLIENT */;
/*!40101 SET CHARACTER_SET_RESULTS=@OLD_CHARACTER_SET_RESULTS */;
/*!40101 SET COLLATION_CONNECTION=@OLD_COLLATION_CONNECTION */;
/*!40111 SET SQL_NOTES=@OLD_SQL_NOTES */;

-- Dump completed on 2024-06-12 21:05:00
